<?xml version="1.0" encoding="UTF-8"?>
<beans xmlns="http://www.springframework.org/schema/beans"
	xmlns:xsi="http://www.w3.org/2001/XMLSchema-instance"
	xmlns:mvc="http://www.springframework.org/schema/mvc"
	xmlns:beans="http://www.springframework.org/schema/beans"
	xsi:schemaLocation="http://www.springframework.org/schema/mvc http://www.springframework.org/schema/mvc/spring-mvc-3.1.xsd
		http://www.springframework.org/schema/beans http://www.springframework.org/schema/beans/spring-beans.xsd">

	<mvc:interceptors>
		<mvc:interceptor>
			<mvc:mapping path="/**/*" /> <!-- http://localhost:8787/ 전체-->
			<beans:bean class="com.edu.mvc.common.Interceptor" />
		</mvc:interceptor>

		<!-- 아래 내용은 로그아웃후 뒤로가기버튼눌렀을때 다시 로그인 되는것을 방지하기 위함. -->
		<beans:bean id="webContentInterceptor"
			class="org.springframework.web.servlet.mvc.WebContentInterceptor">
			<beans:property name="cacheSeconds" value="0" />
			<beans:property name="useExpiresHeader" value="true" />
			<beans:property name="useCacheControlHeader"
				value="true" />
			<beans:property name="useCacheControlNoStore"
				value="true" />
		</beans:bean>
	</mvc:interceptors>

</beans>
