<?xml version="1.0" encoding="UTF-8"?>
<!DOCTYPE mapper
  PUBLIC "-//mybatis.org//DTD Mapper 3.0//EN"
  "http://mybatis.org/dtd/mybatis-3-mapper.dtd">

  <mapper namespace="qanswer">
	<resultMap type="QAnswerDto" id="QAnswerMap">
		<result property="qbseq" column="QBSEQ" />
		<result property="qaseq" column="QASEQ" />
		<result property="qamemberid" column="QAMEMBERID" />
		<result property="qacontent" column="QACONTENT" />
		<result property="qadate" column="QADATE" />
	</resultMap>
	
	<select id="qaselectList" parameterType="int" resultMap="QAnswerMap">
		SELECT * 
		FROM QANSWERBOARD
		WHERE #{qbseq} = QBSEQ
		ORDER BY QASEQ DESC
	</select>
	
	<select id="qaselectOne" resultType="QAnswerDto">
		SELECT *
		FROM QANSWERBOARD
		WHERE QASEQ = #{qaseq}	
	</select>
	
	
	<insert id="qainsert" parameterType="QAnswerDto">
		INSERT INTO QANSWERBOARD
		VALUES(QASEQ.NEXTVAL, #{qbseq}, #{qamemberid}, #{qacontent}, SYSDATE)
	</insert>
	
	
	<update id="qaupdate" parameterType="QAnswerDto">
		UPDATE QANSWERBOARD
		SET QACONTENT = #{qacontent}, QADATE = SYSDATE
		WHERE QASEQ = #{qaseq}
	</update>
	
	
	
	<delete id="qadelete" parameterType="int">
		DELETE FROM QANSWERBOARD
		WHERE QASEQ = #{qaseq}
	</delete>
	
	
	
</mapper>  
  
  
  