<?xml version="1.0" encoding="UTF-8"?>
<!DOCTYPE mapper
  PUBLIC "-//mybatis.org//DTD Mapper 3.0//EN"
  "http://mybatis.org/dtd/mybatis-3-mapper.dtd">
  
  <mapper namespace="team">
	<resultMap type="TeamDto" id="teamMap">
		<result property="teamseq" column="TEAMSEQ" />
		<result property="memberid" column="MEMBERID" />
		<result property="individual" column="INDIVIDUAL" />
		<result property="teamname" column="TEAMNAME" />
		<result property="leader" column="LEADER" />
	</resultMap>
	
	<select id="selectList" resultMap="teamMap">
		SELECT *
		FROM TEAM
	</select>
</mapper>  
  
  
  