<?xml version="1.0" encoding="UTF-8"?>
<!DOCTYPE mapper
  PUBLIC "-//mybatis.org//DTD Mapper 3.0//EN"
  "http://mybatis.org/dtd/mybatis-3-mapper.dtd">
  
  <mapper namespace="calendar">
	<resultMap type="CalendarDto" id="calendarMap">
		<result property="memberid" column="MEMBERID" />
		<result property="title" column="TITLE" />
		<result property="detail" column="DETAIL" />
		<result property="sdate" column="SDATE" />
		<result property="fdate" column="FDATE" />
		<result property="individual" column="INDIVIDUAL" />
	</resultMap>
	
	<select id="selectList" resultMap="calendarMap">
		SELECT *
		FROM CALENDAR
	</select>
</mapper>  
  
  
  