<?xml version="1.0" encoding="UTF-8"?>
<!DOCTYPE mapper
  PUBLIC "-//mybatis.org//DTD Mapper 3.0//EN"
  "http://mybatis.org/dtd/mybatis-3-mapper.dtd">
  
  <mapper namespace="recruitanswer">
	<resultMap type="RecruitAnswerDto" id="recruitAnswerMap">
		<result property="rbseq" column="RBSEQ" />
		<result property="raseq" column="RASEQ" />
		<result property="ramemberid" column="RAMEMBERID" />
		<result property="racontent" column="RACONTENT" />
		<result property="radate" column="RADATE" />
	</resultMap>
	
	<select id="selectList" resultMap="recruitAnswerMap">
		SELECT *
		FROM STUDYANSWERBOARD
		WHERE RBSEQ=#{rbseq}
	</select>
	
	<insert id="insert" parameterType="RecruitAnswerDto">
		INSERT INTO STUDYANSWERBOARD
		VALUES(RASEQ.NEXTVAL, #{rbseq}, #{ramemberid}, #{racontent}, SYSDATE)
	</insert>

	
	
	
	
	
	
	
</mapper>  
  
  
  