<?xml version="1.0" encoding="UTF-8"?>
<!DOCTYPE mapper
  PUBLIC "-//mybatis.org//DTD Mapper 3.0//EN"
  "http://mybatis.org/dtd/mybatis-3-mapper.dtd">
  
  <mapper namespace="qanswer">
	<resultMap type="QAnswerDto" id="QAnswerMap">
		<result property="qbseq" column="QBSEQ" />
		<result property="qaseq" column="QASEQ" />
		<result property="qbmemberid" column="QBMEMBERID" />
		<result property="qamemberid" column="QAMEMBERID" />
		<result property="qacontent" column="QACONTENT" />
		<result property="qadate" column="QADATE" />
	</resultMap>
	
	<select id="selectList" resultMap="QAnswerMap">
		SELECT *
		FROM QANSWER
	</select>
	
	
</mapper>  
  
  
  