<?xml version="1.0" encoding="UTF-8"?>
<!DOCTYPE mapper
  PUBLIC "-//mybatis.org//DTD Mapper 3.0//EN"
  "http://mybatis.org/dtd/mybatis-3-mapper.dtd">

<mapper namespace="recruitboard">
	<resultMap type="RecruitBoardDto" id="recruitBoardMap">
		<result property="rbseq" column="RBSEQ" />
		<result property="memberid" column="MEMBERID" />
		<result property="title" column="TITLE" />
		<result property="rbcount" column="RBCOUNT" />
		<result property="tag" column="TAG" />
		<result property="rbdate" column="RBDATE" />
		<result property="rbcontent" column="RBCONTENT" />
		<result property="grouping" column="GROUPING" />
	</resultMap>

	<select id="selectList" resultMap="recruitBoardMap">
		SELECT *
		FROM STUDYGROUP
		ORDER
		BY RBSEQ DESC
	</select>


	<insert id="insert" parameterType="RecruitBoardDto">
		INSERT INTO STUDYGROUP
		VALUES(RBSEQ.NEXTVAL, #{memberid}, #{title}, #{rbcount}, #{tag},
		SYSDATE, #{rbcontent}, #{grouping})
	</insert>


	<select id="selectOne" parameterType="int"
		resultType="RecruitBoardDto">
		SELECT RBSEQ, MEMBERID, TITLE, RBCOUNT, TAG, RBDATE,
		RBCONTENT, GROUPING
		FROM STUDYGROUP
		WHERE RBSEQ=#{rbseq}
	</select>


	<update id="update" parameterType="RecruitBoardDto">
		UPDATE STUDYGROUP
		SET TITLE=#{title}, RBCONTENT=#{rbcontent}, TAG=#{tag},
		RBDATE=SYSDATE
		WHERE RBSEQ=#{rbseq}
	</update>

	<delete id="delete" parameterType="int">
		DELETE FROM STUDYGROUP
		WHERE
		RBSEQ=#{rbseq}
	</delete>

	<update id="count" parameterType="int">
		UPDATE STUDYGROUP
		SET RBCOUNT=RBCOUNT+1
		WHERE RBSEQ=#{rbseq}
	</update>

	<select id="selectMyS" parameterType="String" resultType="int">
		SELECT
		COUNT(*)
		FROM STUDYGROUP
		WHERE MEMBERID = #{memberid}
	</select>



</mapper>  
  
  
  