<?xml version="1.0" encoding="UTF-8"?>
<!DOCTYPE mapper
  PUBLIC "-//mybatis.org//DTD Mapper 3.0//EN"
  "http://mybatis.org/dtd/mybatis-3-mapper.dtd">

<mapper namespace="qboard">
	<resultMap type="QBoardDto" id="QBoardMap">
		<result property="qbseq" column="QBSEQ" />
		<result property="memberid" column="MEMBERID" />
		<result property="title" column="TITLE" />
		<result property="qbcount" column="QBCOUNT" />
		<result property="qbtag" column="QBTAG" />
		<result property="qbdate" column="QBDATE" />
		<result property="qbcontent" column="QBCONTENT" />
	</resultMap>

	<select id="selectList" resultMap="QBoardMap">
		SELECT *
		FROM QBOARD
		ORDER BY QBSEQ DESC
	</select>

	<select id="selectOne" resultType="QBoardDto">
		SELECT *
		FROM QBOARD
		WHERE QBSEQ = #{qbseq}
	</select>
	
	<insert id="insert" parameterType="QBoardDto">
		INSERT INTO QBOARD
		VALUES(QBSEQ.NEXTVAL, #{memberid}, #{title}, #{qbcount}, #{qbtag}, SYSDATE, #{qbcontent})
	</insert>
	
	<update id="update" parameterType="QBoardDto">
		UPDATE QBOARD
		SET TITLE=#{title}, QBCONTENT=#{qbcontent}, QBTAG=#{qbtag}, QBDATE=SYSDATE
		WHERE QBSEQ = #{qbseq}
	</update>
	
	<delete id="delete" parameterType="int">
		DELETE FROM QBOARD
		WHERE QBSEQ = #{qbseq}
	</delete>
	
	<update id="count" parameterType="int">
		UPDATE QBOARD
		SET QBCOUNT=QBCOUNT+1
		WHERE QBSEQ = #{qbseq}	
	</update>
	
	

</mapper>  
  
  
  