<?xml version="1.0" encoding="UTF-8" ?>
<!DOCTYPE mapper
    PUBLIC "-//mybatis.org//DTD Mapper 3.0//EN"
    "http://mybatis.org/dtd/mybatis-3-mapper.dtd">

<mapper namespace="com.myboard">

	<!-- MyBoardMap에 대한 결과타입 지정 -->
	<resultMap type="com.dto.MyBoardDto" id="MyBoardMap">
		<result property="myno" column="MYNO" />
		<result property="myname" column="MYNAME" />
		<result property="mytitle" column="MYTITLE" />
		<result property="mycontent" column="MYCONTENT" />
		<result property="mydate" column="MYDATE" />
	</resultMap>

	<!-- selectAll에 대한 설정 -->

	<!-- resultMap은 db에 있는 컬럼이랑 담으려하는 필드명이랑 같아야 값 리턴됨. -->
	<select id="selectAll" resultMap="MyBoardMap">
		SELECT MYNO, MYNAME, MYTITLE,
		MYCONTENT, MYDATE FROM
		MYBOARD ORDER BY MYNO DESC
	</select>

	<select id="selectOne" parameterType="int"
		resultType="MyBoardDto">
		SELECT * FROM MYBOARD WHERE MYNO = #{myno}
	</select>

	<insert id="myinsert" parameterType="MyBoardDto">
		INSERT INTO MYBOARD
		VALUES(MYSEQ.NEXTVAL, #{myname},#{mytitle},#{mycontent},SYSDATE)
	</insert>

	<update id="update" parameterType="MyBoardDto">
		UPDATE MYBOARD 
		SET MYTITLE=#{mytitle}, MYCONTENT=#{mycontent}
		WHERE MYNO=#{myno}
	</update>

	<delete id="delete" parameterType="int">
		DELETE
		FROM MYBOARD
		WHERE MYNO = #{myno}
	</delete>

</mapper>