<?xml version="1.0" encoding="UTF-8"?>
<!DOCTYPE mapper
  PUBLIC "-//mybatis.org//DTD Mapper 3.0//EN"
  "http://mybatis.org/dtd/mybatis-3-mapper.dtd">
  
  <mapper namespace="recruitboard">
	<resultMap type="RecruitBoardDto" id="recruitBoardMap">
		<result property="rbseq" column="RBSEQ" />
		<result property="memberid" column="MEMBERID" />
		<result property="title" column="TITLE" />
		<result property="count" column="COUNT" />
		<result property="tag" column="TAG" />
		<result property="rbdate" column="RBDATE" />
		<result property="rbcontent" column="RBCONTENT" />
		<result property="grouping" column="GROUPING" />
	</resultMap>
	
	<select id="selectList" resultMap="recruitBoardMap">
		SELECT *
		FROM RECRUITBOARD
	</select>
</mapper>  
  
  
  