<?xml version="1.0" encoding="UTF-8" ?>
<!DOCTYPE configuration
  PUBLIC "-//mybatis.org//DTD Config 3.0//EN"
  "http://mybatis.org/dtd/mybatis-3-config.dtd">

<configuration>

	<properties resource="db/db.properties" />

	<typeAliases>
		<typeAlias type="com.multi.dto.MDBoardDto"
			alias="MDBoardDto" />
	</typeAliases>

	<environments default="development">
		<environment id="development">
			<transactionManager type="JDBC" />
			<!-- POOLED : 재사용하겠다. UNPOOLED : 재사용이 아닌 새로 만들겠다 -->
			<dataSource type="POOLED">
				<property name="driver" value="${driver}" />
				<property name="url" value="${url}" />
				<property name="username" value="${username}" />
				<property name="password" value="${password}" />
			</dataSource>
		</environment>
	</environments>

	<mappers>
		<mapper resource="db/multi_mapper.xml" />
	</mappers>

</configuration>  