<?xml version="1.0" encoding="UTF-8"?>
<!DOCTYPE mapper
  PUBLIC "-//mybatis.org//DTD Mapper 3.0//EN"
  "http://mybatis.org/dtd/mybatis-3-mapper.dtd">

<mapper namespace="timer">
	<resultMap type="TimerStartDto" id="timerStartMap">
		<result property="startno" column="STARTNO" />
		<result property="memberid" column="MEMBERID" />
		<result property="start_t" column="START_T" />
	</resultMap>

	<resultMap type="TimerEndDto" id="timerEndMap">
		<result property="endno" column="ENDNO" />
		<result property="memberid" column="MEMBERID" />
		<result property="end_t" column="END_T" />
		<result property="today" column="TODAY" />
	</resultMap>

	<resultMap type="TimerSumDto" id="timerSumDto">
		<result property="memberid" column="MEMBERID" />
		<result property="total_t" column="TOTAL_T" />
		<result property="today" column="TODAY" />
	</resultMap>


	<insert id="insertStart" parameterType="TimerStartDto">
		INSERT INTO TIMERSTART
		VALUES(STARTNO.NEXTVAL, #{memberid}, SYSDATE)
	</insert>

	<insert id="insertEnd" parameterType="TimerEndDto">
		INSERT INTO TIMEREND
		VALUES(ENDNO.NEXTVAL, #{memberid}, SYSDATE)
	</insert>

	<insert id="insertSum" parameterType="TimerSumDto">
		MERGE INTO TIMERSUM T
		USING (SELECT
		TO_CHAR(SUM(E.END_T - S.START_T)*24*60, '9999') TOTAL
		FROM TIMERSTART S, TIMEREND E
		WHERE S.STARTNO = E.ENDNO
		AND TO_CHAR(S.START_T, 'YY/MM/DD') = TO_CHAR(SYSDATE, 'YY/MM/DD') ) S
		ON ( T.TODAY = TO_CHAR(SYSDATE, 'YY/MM/DD') )
		WHEN MATCHED THEN
		UPDATE
		<set>
			T.TOTAL_T = S.TOTAL
		</set>
		WHEN NOT MATCHED THEN
		INSERT (MEMBERID, TOTAL_T, TODAY)
		VALUES (#{memberid}, S.TOTAL, TO_CHAR(SYSDATE, 'YY/MM/DD') )
	</insert>

	<select id="selectSumAll" parameterType="TimerSumDto"
		resultType="TimerSumDto">
		SELECT *
		FROM TIMERSUM
		WHERE MEMBERID = #{memberid}
	</select>

	<select id="selectSumToday" parameterType="TimerSumDto"
		resultType="TimerSumDto">
		SELECT *
		FROM TIMERSUM
		WHERE MEMBERID = #{memberid} AND TODAY = TO_CHAR(SYSDATE, 'YY/MM/DD')
	</select>


	<!-- 일주일치 -->
	<select id="selectMon" parameterType="String"
		resultType="TimerSumDto">
		SELECT TOTAL_T
		FROM TIMERSUM
		WHERE MEMBERID = #{memberid}
		AND TODAY = TO_CHAR(TRUNC(SYSDATE, 'iw'))
	</select>

	<select id="selectTue" parameterType="String"
		resultType="TimerSumDto">
		SELECT TOTAL_T
		FROM TIMERSUM
		WHERE MEMBERID = #{memberid}
		AND TODAY = TO_CHAR(TRUNC(SYSDATE, 'iw')+1)
	</select>

	<select id="selectWed" parameterType="String"
		resultType="TimerSumDto">
		SELECT TOTAL_T
		FROM TIMERSUM
		WHERE MEMBERID = #{memberid}
		AND TODAY = TO_CHAR(TRUNC(SYSDATE, 'iw')+2)
	</select>

	<select id="selectThu" parameterType="String"
		resultType="TimerSumDto">
		SELECT TOTAL_T
		FROM TIMERSUM
		WHERE MEMBERID = #{memberid}
		AND TODAY = TO_CHAR(TRUNC(SYSDATE, 'iw')+3)
	</select>

	<select id="selectFri" parameterType="String"
		resultType="TimerSumDto">
		SELECT TOTAL_T
		FROM TIMERSUM
		WHERE MEMBERID = #{memberid}
		AND TODAY = TO_CHAR(TRUNC(SYSDATE, 'iw')+4)
	</select>

	<select id="selectSat" parameterType="String"
		resultType="TimerSumDto">
		SELECT TOTAL_T
		FROM TIMERSUM
		WHERE MEMBERID = #{memberid}
		AND TODAY = TO_CHAR(TRUNC(SYSDATE, 'iw')+5)
	</select>

	<select id="selectSun" parameterType="String"
		resultType="TimerSumDto">
		SELECT TOTAL_T
		FROM TIMERSUM
		WHERE MEMBERID = #{memberid}
		AND TODAY = TO_CHAR(TRUNC(SYSDATE, 'd')+7)
	</select>


</mapper>  
  
  