﻿{
	"name": "Grid",
	"version": "17.0.0.1201",
	"description": "nexacro platform 17 Unified Framework Library",
	"license": "",
  "scripts": [
    "Grid/GridInfo.js",
    "Grid/Grid.js"
  ],
	"objInfo": [
	    "Grid/metainfo/Grid.info",
		"Grid/metainfo/GridBandControl.info",
		"Grid/metainfo/GridRowControl.info",
		"Grid/metainfo/GridCellControl.info",
		"Grid/metainfo/CellSubCellControl.info",
		"Grid/metainfo/GridColumnControl.info",
		"Grid/metainfo/GridClickEventInfo.info",
		"Grid/metainfo/GridDragEventInfo.info",
		"Grid/metainfo/GridEditEventInfo.info",
		"Grid/metainfo/GridMouseEventInfo.info",
		"Grid/metainfo/GridSelectEventInfo.info",
		"Grid/metainfo/GridSizeChangedEventInfo.info",
		"Grid/metainfo/GridTreeStatusEventInfo.info"
	],
	"designscripts": [
		"Grid/Design/DesignGrid.js"
	]
}

