﻿{
	"name": "ListView",
	"version": "17.0.0.1201",
	"description": "nexacro platform 17 Unified Framework Library",
	"license": "",
	"scripts": [
		"CompBaseEx/SimpleComp.js",
		"CompBaseEx/ComplexComp.js",
		"ListView/ListView.js"
	],
	"objInfo": [
		"CompBaseEx/metainfo/SimpleComp.info",
		"CompBaseEx/metainfo/ComplexComp.info",
		"ListView/metainfo/ListView.info",
		"ListView/metainfo/ListViewBandControl.info",
		"ListView/metainfo/ListViewDetailBandControl.info",
		"ListView/metainfo/ListViewCellControl.info",
		"ListView/metainfo/ListViewBandExpandbarControl.info",
		"ListView/metainfo/ListViewBandStatusEventInfo.info",
		"ListView/metainfo/ListViewClickEventInfo.info",
		"ListView/metainfo/ListViewDragEventInfo.info",
		"ListView/metainfo/ListViewMouseEventInfo.info",
		"ListView/metainfo/ListViewSelectEventInfo.info",
		"ListView/metainfo/ListViewEditEventInfo.info"
	],
	"designscripts": [
		"CompBaseEx/Design/DesignSimpleComp.js",
		"CompBaseEx/Design/DesignComplexComp.js",
		"ListView/Design/DesignListView.js"
	]
}

