<?xml version="1.0" encoding="UTF-8"?>
<!DOCTYPE mapper
  PUBLIC "-//mybatis.org//DTD Mapper 3.0//EN"
  "http://mybatis.org/dtd/mybatis-3-mapper.dtd">
  
  <mapper namespace="member">
  
	<resultMap type="MemberDto" id="MemberMap">
		<result property="memberid" column="MEMBERID" />
		<result property="memberpw" column="MEMBERPW" />
		<result property="name" column="NAME" />
		<result property="email" column="EMAIL" />
	</resultMap>
	
	<select id="selectList" resultMap="MemberMap">
		SELECT *
		FROM MEMBER
	</select>
	
	<select id="selectOne" resultMap="MemberMap" parameterType="MemberDto">
		SELECT *
		FROM MEMBER
		WHERE MEMBERID = #{memberid} AND 
		MEMBERPW = #{memberpw}
	</select>
	
	<select id="selectOneRei" resultMap="MemberMap" parameterType="MemberDto">
		SELECT *
		FROM MEMBER
		WHERE MEMBERID = #{memberid}
	</select>
	
	<insert id="insert" parameterType="MemberDto" >
		INSERT INTO MEMBER
		VALUES(#{memberid},#{memberpw},#{name},#{email})
	</insert>
	
	<select id="idchk" resultMap="MemberMap" parameterType="MemberDto">
		SELECT *
		FROM MEMBER
		WHERE EMAIL = #{email} AND NAME = #{name}
	</select>
	
</mapper>  
  
  
  