<?xml version="1.0" encoding="UTF-8"?>
<!DOCTYPE mapper
  PUBLIC "-//mybatis.org//DTD Mapper 3.0//EN"
  "http://mybatis.org/dtd/mybatis-3-mapper.dtd">
  
  <mapper namespace="timer">
	<resultMap type="TimerDto" id="timerMap">
		<result property="memberid" column="MEMBERID" />
		<result property="mydate" column="MYDATE" />
		<result property="stime" column="STIME" />
		<result property="ftime" column="FTIME" />
	</resultMap>
	
	<select id="selectList" resultMap="timerMap">
		SELECT * 
		FROM TIMER
	</select>
</mapper>  
  
  
  