﻿<?xml version="1.0" encoding="utf-8"?>
<AppVariables version="2.0">
  <Datasets>
    <Dataset id="gds_em">
      <ColumnInfo>
        <Column id="ID" type="STRING" size="256"/>
        <Column id="Name" type="STRING" size="256"/>
        <Column id="Email" type="STRING" size="256"/>
        <Column id="Phone" type="STRING" size="256"/>
        <Column id="Company" type="STRING" size="256"/>
        <Column id="Department" type="STRING" size="256"/>
      </ColumnInfo>
      <Rows>
        <Row>
          <Col id="Name">Tzuyu</Col>
          <Col id="ID">TC-001</Col>
          <Col id="Email">ceo@twice.com</Col>
          <Col id="Department">0</Col>
          <Col id="Phone">6987-6543</Col>
          <Col id="Company">TWICE</Col>
        </Row>
        <Row>
          <Col id="Email">ceo@twice.com</Col>
          <Col id="Department">0</Col>
          <Col id="Phone">6987-6543</Col>
          <Col id="Company">TWICE</Col>
          <Col id="ID">TC-002</Col>
          <Col id="Name">Sana</Col>
        </Row>
        <Row>
          <Col id="Email">ceo@twice.com</Col>
          <Col id="Department">0</Col>
          <Col id="Phone">6987-6543</Col>
          <Col id="Company">TWICE</Col>
          <Col id="ID">TC-003</Col>
          <Col id="Name">Momo</Col>
        </Row>
        <Row>
          <Col id="Email">ceo@twice.com</Col>
          <Col id="Department">0</Col>
          <Col id="Phone">6987-6543</Col>
          <Col id="Company">TWICE</Col>
          <Col id="ID">TC-004</Col>
          <Col id="Name">Mina</Col>
        </Row>
        <Row>
          <Col id="Department">0</Col>
          <Col id="Email">ceo@twice.com</Col>
          <Col id="Phone">6987-6543</Col>
          <Col id="Company">TWICE</Col>
          <Col id="ID">TC-005</Col>
          <Col id="Name">Nayeon</Col>
        </Row>
        <Row>
          <Col id="Department">0</Col>
          <Col id="Email">ceo@twice.com</Col>
          <Col id="Phone">6987-6543</Col>
          <Col id="Company">TWICE</Col>
          <Col id="ID">TC-006</Col>
          <Col id="Name">JiHwo</Col>
        </Row>
        <Row>
          <Col id="Department">0</Col>
          <Col id="Email">ceo@twice.com</Col>
          <Col id="Phone">6987-6543</Col>
          <Col id="Company">TWICE</Col>
          <Col id="ID">TC-007</Col>
          <Col id="Name">Dahyeon</Col>
        </Row>
        <Row>
          <Col id="Department">0</Col>
          <Col id="Email">ceo@twice.com</Col>
          <Col id="Phone">6987-6543</Col>
          <Col id="Company">TWICE</Col>
          <Col id="ID">TC-008</Col>
          <Col id="Name">Jeongyeon</Col>
        </Row>
        <Row>
          <Col id="Department">0</Col>
          <Col id="Email">ceo@twice.com</Col>
          <Col id="Phone">6987-6543</Col>
          <Col id="Company">TWICE</Col>
          <Col id="ID">TC-009</Col>
          <Col id="Name">Chaeyoung</Col>
        </Row>
      </Rows>
    </Dataset>
  </Datasets>
  <Variables/>
</AppVariables>
