<?xml version="1.0" encoding="UTF-8"?>
<!DOCTYPE mapper
  PUBLIC "-//mybatis.org//DTD Mapper 3.0//EN"
  "http://mybatis.org/dtd/mybatis-3-mapper.dtd">
  
  <mapper namespace="member">
	<resultMap type="MemberDto" id="MemberMap">
		<result property="memberid" column="MEMBERID" />
		<result property="memberpw" column="MEMBERPW" />
		<result property="name" column="NAME" />
		<result property="email" column="EMAIL" />
	</resultMap>
	
	<select id="selectList" resultMap="MemberMap">
		SELECT *
		FROM MEMBER
	</select>
	
	
	
</mapper>  
  
  
  