<?xml version="1.0" encoding="UTF-8"?>
<!DOCTYPE mapper
  PUBLIC "-//mybatis.org//DTD Mapper 3.0//EN"
  "http://mybatis.org/dtd/mybatis-3-mapper.dtd">

<mapper namespace="qboard">
	<resultMap type="QBoardDto" id="QBoardMap">
		<result property="qbseq" column="QBNO" />
		<result property="memberid" column="MEMBERID" />
		<result property="title" column="TITLE" />
		<result property="qbcount" column="QBCOUNT" />
		<result property="qbtag" column="QBTAG" />
		<result property="qbdate" column="QBDATE" />
		<result property="qbcontent" column="QBCONTENT" />
	</resultMap>

	<select id="selectList" resultMap="QBoardMap">	
		<![CDATA[
		SELECT *
		FROM (
			SELECT *
			FROM QBOARD
			ORDER BY QBNO DESC
		)
		WHERE ROWNUM >= #{myno} AND ROWNUM <= #{myno}+5]]>
	</select>
</mapper>  
  
  
  